date,text,misogyny_score,platform,estimated_age,estimated_gender,subreddit,search_term
2023-10-15 14:30:00,"Just another day dealing with typical female logic",0.8,Reddit,24,male,unpopularopinion,
2023-10-15 15:45:00,"The red pill opened my eyes to hypergamy",0.9,Reddit,28,male,TheRedPill,
2023-10-15 16:20:00,"Women need to understand their place in society",0.7,Reddit,32,male,MensRights,
2023-10-16 09:15:00,"Alpha males don't chase women like simps do",0.6,Twitter,,male,,red pill
2023-10-16 10:30:00,"AWALT - all women are like that, accept it",0.9,Twitter,,male,,AWALT
2023-10-16 11:45:00,"She hit the wall at 30, no more attention",0.8,Twitter,25,male,,the wall
2023-10-17 13:00:00,"This is why I'm going my own way",0.4,Reddit,29,male,MGTOW,
2023-10-17 14:15:00,"Women only want Chad or money",0.7,Reddit,22,male,dating_advice,
2023-10-17 15:30:00,"Modern feminism destroyed traditional values",0.5,Twitter,,male,,feminism destroyed
2023-10-18 08:00:00,"Supporting my female colleagues today",0.0,Twitter,35,female,,women support
